Source Name	Sample Name	Factor Value Space Mission	Spaceflight	Tissue	0	20	40	60	80	100	120	140	160	180	200	220	240	260	280	300	320	340	360	380	400	420	440	460	480	500	520	540	560	580	600	620	640	660	680	700	720	740	760	780	800	820	840	860	880	900	920	940	960	980	1000
RR9_CC11_CC1	CC11_CC1_sol	RR-9	Cohort_Control	soleus_muscle	1	0.99935632	0.99889353	0.99850208	0.99816597	0.99773035	0.99755324	0.99759476	0.99760933	0.99737077	0.99720951	0.99639309	0.9955461	0.99477445	0.99449322	0.99397577	0.99383021	0.99343069	0.99301961	0.99261827	0.99223218	0.99197587	0.99199845	0.99171654	0.99121948																										
RR9_CC12_CC1	CC12_CC1_sol	RR-9	Cohort_Control	soleus_muscle	1	0.99883444	0.99847625	0.9981269	0.9978034	0.99733283	0.99662499	0.99588307	0.99507502	0.99451408	0.99437163	0.99404239	0.99392835	0.99405206	0.9940807	0.99397944	0.99406468	0.99391135	0.99390689	0.99371707	0.99328202	0.99326449	0.99294031	0.99252842	0.9923538																										
RR9_CC13_CC1	CC13_CC1_sol	RR-9	Cohort_Control	soleus_muscle	1	0.99878417	0.99796011	0.99737262	0.99677876	0.99632166	0.99569621	0.99535603	0.99486711	0.99476832	0.99454514	0.99420925	0.99440505	0.99475108	0.99504116	0.9953564	0.99571005	0.99568889	0.99567549	0.99499535	0.99455357	0.99447957	0.99493253	0.99511953	0.99565847																										
RR9_CC14_CC1	CC14_CC1_sol	RR-9	Cohort_Control	soleus_muscle	1	0.99834725	0.99759907	0.99663591	0.99527136	0.99442575	0.99350317	0.99287651	0.99266723	0.99256454	0.99262747	0.99294057	0.99282513	0.99301206	0.99324332	0.99315451	0.99344256	0.99354187	0.99361786	0.99368507	0.99389908	0.99409464	0.9948741	0.99513971	0.99599643																										
RR9_CC15_CC1	CC15_CC1_sol	RR-9	Cohort_Control	soleus_muscle	1	0.99777859	0.99684052	0.99626534	0.99650192	0.99647814	0.99644567	0.9965056	0.99640861	0.99570449	0.99536095	0.99483221	0.99440135	0.9938075	0.99328303	0.99297054	0.99276772	0.99235441	0.99193428	0.99150028	0.99103852	0.99048502	0.99025915	0.99024499	0.99018986																										
RR9_CC16_CC1	CC16_CC1_sol	RR-9	Cohort_Control	soleus_muscle	1	0.99860844	0.99803815	0.9977888	0.99734303	0.99693056	0.99697072	0.99704294	0.99701243	0.99726061	0.99712676	0.99667647	0.99614221	0.99547013	0.99460045	0.99429118	0.99398432	0.99358158	0.99338555	0.99328009	0.9928821	0.99274926	0.99264459	0.99233384	0.99240271																										
RR9_Fviv13_CC2	Fviv13_CC2_sol	RR-9	Cohort_Control	soleus_muscle	1	0.99721051	0.99603337	0.99507806	0.99362895	0.99296103	0.99210023	0.99162693	0.99087243	0.99135171	0.99170193	0.99226037	0.99237968	0.993078	0.99320661	0.9934292	0.99364899	0.99388602	0.99401577	0.99405425	0.99396586	0.99366464	0.99374433	0.99347887	0.99356355																										
RR9_Fviv14_CC2	Fviv14_CC2_sol	RR-9	Cohort_Control	soleus_muscle	1	0.99818934	0.99704059	0.99599079	0.99473799	0.99454199	0.99399867	0.9941576	0.99448041	0.99487698	0.99501133	0.99585302	0.99576123	0.99584221	0.99538787	0.99473122	0.99355438	0.99311648	0.99201477	0.99146833	0.99053804	0.99038314	0.98988899	0.99016552	0.99017991																										
RR9_Fviv15_CC2	Fviv15_CC2_sol	RR-9	Cohort_Control	soleus_muscle	1	1.00022052	1.00005568	0.9999594	0.99973363	0.99956635	0.99890472	0.9987603	0.99805517	0.99782856	0.99731134	0.99691738	0.99620479	0.995817	0.99482721	0.99397705	0.99315805	0.99272866	0.99275662	0.99301439	0.99339395	0.99397538	0.99450485	0.99453867	0.99442563																										
RR9_Fviv17_CC2	Fviv17_CC2_sol	RR-9	Cohort_Control	soleus_muscle	1	0.99897107	0.99872149	0.9982753	0.99786245	0.99790264	0.99797493	0.9979444	0.99819281	0.99805882	0.99760812	0.99707336	0.99640065	0.99553016	0.9952206	0.99491345	0.99451034	0.99431412	0.99420857	0.99381021	0.99367724	0.99357247	0.99326143	0.99333037	0.99354427																										
RR9_Fviv18_CC2	Fviv18_CC2_sol	RR-9	Cohort_Control	soleus_muscle	1	0.99812395	0.99692837	0.99601417	0.99554051	0.9949521	0.99476534	0.99485787	0.99516007	0.99546242	0.99578883	0.99587199	0.996207	0.99670472	0.99685882	0.99716878	0.99780661	0.99785042	0.99731634	0.99671471	0.99539302	0.99432196	0.99325958	0.99210059	0.99154507																										
RR9_Fviv19_CC2	Fviv19_CC2_sol	RR-9	Cohort_Control	soleus_muscle	1	0.99840525	0.99774096	0.99756918	0.99677935	0.99626176	0.9956851	0.99504828	0.99425159	0.99434891	0.99405366	0.99391864	0.99362654	0.99328882	0.9928144	0.99254091	0.99184809	0.9915056	0.99092532	0.99018472	0.98930149	0.98846626	0.98740641	0.98623377	0.98513929																										
RR9_GC11	GC11_sol	RR-9	Ground_Control	soleus_muscle	1	1.00014547	0.99874858	0.99761047	0.99451449	0.99079395	0.98885434	0.98693806	0.9843687	0.98162053	0.97964556	0.9776701	0.9769133	0.97529039	0.9741101	0.97242354	0.97182124	0.97007575	0.96829517	0.96885196	0.97013048	0.97016452	0.9696548	0.96982807	0.97025483	0.97018109	0.9695548	0.96914193	0.96972999	0.96957464	0.96822344	0.96775155	0.96934169	0.97021936	0.96901836	0.96737988	0.96817466	0.96817602	0.96706626	0.96591778	0.96485095	0.96596279	0.96486792	0.96532369	0.96499645	0.96421651	0.96396414	0.96359814	0.96331793	0.96479576	0.96374857
RR9_GC12	GC12_sol	RR-9	Ground_Control	soleus_muscle	1	0.99975663	1.00039876	1.00040839	0.99908039	0.99804605	0.9982358	0.9978467	0.99672137	0.9963979	0.99593642	0.99504254	0.99497136	0.99461873	0.99629679	0.99609095	0.99553494	0.99490158	0.99396045	0.99349073	0.99364318	0.9936781	0.99415787	0.99314719	0.99288349	0.99307901	0.99423764	0.99393178	0.99242811	0.99230779	0.99187477	0.99135934	0.99173192	0.99243209	0.9920373	0.99112916	0.99175809	0.99267528	0.99232733	0.99160964	0.98981233	0.98902216	0.98925931	0.98785224	0.98733755	0.98614045	0.98555402	0.98420616	0.98387536	0.9839158	0.98223806
RR9_GC13	GC13_sol	RR-9	Ground_Control	soleus_muscle	1	1.00009202	1.000327	0.99947633	0.998776	0.99923566	0.9987566	0.99968548	0.9993904	0.99842559	0.99842988	0.99872713	1.00071846	1.00091928	1.00191949	1.00203659	1.00230441	1.00203521	1.00320185	1.00427902	1.00600767	1.0038892	1.00221861	1.00319457	1.00169426	1.00136565	0.99931936	1.00131745	1.000802	1.00221429	1.00235292	1.00357627	1.00338509	1.00223845	1.00175934	1.00206988	1.00282847	1.00137733	1.00198797	1.00311198	1.00404529	1.00301062	1.00333286	1.00222891	1.00250456	1.00191624	1.00134885	1.00304048	1.00259803	1.00327143	1.0034073
RR9_GC14	GC14_sol	RR-9	Ground_Control	soleus_muscle	1	0.999553	0.99843728	0.99802142	0.99666985	0.99447314	0.99265138	0.99082482	0.98810478	0.98712526	0.98628601	0.98482212	0.98379689	0.98200141	0.98081013	0.97954444	0.97778278	0.9751068	0.97358718	0.9727039	0.97312371	0.97250696	0.97185775	0.97150926	0.97165386	0.9713873	0.97078942	0.9713583	0.97125825	0.96994556	0.97031806	0.97155729	0.97236634	0.97256651	0.97159333	0.97185906	0.97211474	0.97120582	0.97078374	0.96993879	0.97015303	0.96969366	0.96984681	0.9714708	0.97068044	0.97045623	0.96931466	0.96911847	0.9690591	0.96874609	0.96786618
RR9_GC15	GC15_sol	RR-9	Ground_Control	soleus_muscle	1	1.00170908	1.00044439	1.00164364	1.00250146	1.00391494	1.0053584	1.00703813	1.00863036	1.00740218	1.00746012	1.00832235	1.00657055	1.00884134	1.00833757	1.00806912	1.00959046	1.01034851	1.01231458	1.01091357	1.01164801	1.01250404	1.01211825	1.01302654	1.0135567	1.01269096	1.01272122	1.01124128	1.01067747	1.01044324	1.00962691	1.00986453	1.00974938	1.0120206	1.01146946	1.01141714	1.01049547	1.00992276	1.00842025	1.00801146	1.0073118	1.00712435	1.00762821	1.00762097	1.00621543	1.00564987	1.00416269	1.00308679	1.00309457	1.00212319	1.00201444
RR9_GC16	GC16_sol	RR-9	Ground_Control	soleus_muscle	1	0.99807099	0.9973657	0.99456498	0.99185176	0.99005592	0.98830075	0.98788018	0.98594062	0.9843779	0.98421756	0.98297206	0.98152756	0.9814695	0.98121885	0.97989728	0.97989744	0.97989623	0.97999129	0.97983286	0.98008293	0.98067568	0.98026759	0.98025144	0.98138816	0.9825942	0.98392422	0.98270984	0.9822722	0.9829392	0.98324262	0.98311503	0.98352143	0.98382617	0.98341673	0.98318093	0.9825315	0.98286324	0.98185821	0.98044847	0.9785299	0.97855889	0.978031	0.97784926	0.97723213	0.97690812	0.97611151	0.97612802	0.97565674	0.97447699	0.97497523
RR9_GC17	GC17_sol	RR-9	Ground_Control	soleus_muscle	1	1.00003383	0.99809048	0.9979089	0.99765721	0.99872691	1.00056291	1.00228475	1.00302555	1.00253482	1.00353642	1.00451496	1.00434051	1.00133635	0.99819986	0.99774326	0.99650144	0.99554918	0.99440371	0.99361116	0.99298892	0.99182344	0.99296781	0.99397539	0.99274779	0.99165192	0.98959221	0.9894138	0.9897948	0.98963978	0.98783602	0.98683289	0.98728353	0.98661039	0.98545535	0.98429999	0.98177928	0.9800293	0.97816062	0.97813649	0.97888351	0.97799274	0.97699789	0.97417783	0.97303143	0.9728772	0.97135328	0.97242424	0.97220371	0.97302516	0.97304554
RR9_GC18	GC18_sol	RR-9	Ground_Control	soleus_muscle	1	1.0003267	0.99943351	0.99810656	0.99886545	0.99932085	0.99913971	0.99904476	0.99945441	0.99985104	1.00010451	1.00102277	1.00075957	1.00108657	1.00265899	1.00286358	1.00297175	1.00341449	1.00404131	1.00394817	1.00402803	1.00383382	1.00366509	1.00353855	1.00332138	1.00217554	1.00162054	1.00240498	1.00226129	1.00299119	1.00331966	1.00411228	1.004141	1.00466769	1.00521285	1.00535718	1.0061196	1.00698443	1.00722011	1.00771839	1.00723184	1.00670211	1.00633959	1.00650539	1.00740162	1.00525936	1.00531295	1.00496753	1.00457217	1.0047921	1.00428033
RR9_GC19	GC19_sol	RR-9	Ground_Control	soleus_muscle	1	0.99778406	0.99782326	0.9974034	0.99664303	0.99633025	0.99558719	0.9948112	0.99421796	0.99461006	0.99408103	0.99337617	0.99321148	0.99379082	0.99443832	0.99434329	0.99446184	0.9948012	0.9957791	0.99762697	0.9985318	0.99904472	0.99965832	0.99862802	0.99934337	0.99949992	0.9995308	1.00013071	0.99943277	1.00000195	0.99933793	0.99906397	0.99788112	0.99606988	0.99581655	0.9940341	0.99368677	0.99547294	0.99601746	0.996512	0.99794927	0.99722789	0.99756755	0.99756198	0.99777901	0.99716536	0.9969553	0.99809055	0.99801488	0.9990585	0.99959695
RR9_GC20	GC20_sol	RR-9	Ground_Control	soleus_muscle	1	1.00159042	0.99758825	0.99491555	0.99475997	0.99125674	0.99201501	0.99468971	0.99655439	0.99259896	0.99399451	0.99637576	0.99821659	0.99864458	0.9988255	0.99875618	0.999229	0.99990209	1.0000616	1.00331685	1.00490625	1.00480164	1.00569399	1.00289069	1.00269697	1.00252766	1.00203895	1.00311094	1.00275963	1.0039792	1.00162058	1.00169107	0.99997359	0.99770109	0.9969775	0.9965335	0.99289577	0.99635379	0.9975466	0.99649594	0.9978156	0.99710587	0.99619993	0.9963363	0.9988046	0.99701938	0.9951721	0.99727903	0.99802425	0.99793586	0.99975848
RR1_M31	M31_sol	RR-1	Ground_Control	soleus_muscle	1	1.00117024	1.00296646	1.00044669	1.00255832	1.00331627	1.00372845	1.00334552	1.00378179	1.00090711	1.00378392	1.00035984	1.00056397	0.99965299	0.99987494	1.00089002	1.00121024	0.99640737	0.99794266	0.99383678	0.99255145	0.99171136	0.99211317	0.98971683	0.98910765	0.98985293	0.98943689	0.99004204	0.98828509	0.98689969	0.98778523	0.98770314	0.98409925	0.98414856	0.98300309	0.98245286	0.98075457	0.97931796	0.98114198	0.97783809	0.97901723	0.97668214	0.97679633	0.97596616	0.97608142	0.97337449	0.97669783	0.97541446	0.97586648	0.97470599	0.97219429
RR1_M32	M32_sol	RR-1	Ground_Control	soleus_muscle	1	0.99760133	1.000306	1.00101546	1.00120355	1.00518688	1.0049066	1.00229294	1.00341477	1.00043809	0.9981699	0.99809999	0.99276792	0.99297066	0.98810014	0.98641485	0.98408797	0.9824298	0.97987005	0.9795829	0.97703727	0.98310011	0.97946246	0.97867031	0.97919689	0.97950225	0.98193163	0.98170343	0.97707813	0.98132972	0.97882237	0.98060539	0.97891022	0.9784761	0.97878892	0.97872068	0.97641646	0.97801627	0.97591104	0.97776917	0.97499191	0.97628528	0.97573014	0.97493751	0.97432573	0.97434441	0.97174267	0.97093705	0.96767466	0.97067035	0.97044393
RR1_M39	M39_sol	RR-1	Ground_Control	soleus_muscle	1	0.99690336	0.99715222	0.99719123	0.99451106	0.99760172	0.99582382	0.99423445	0.99320588	0.99335194	0.99095136	0.99439574	0.99094843	0.99316319	0.9932958	0.99163208	0.99030115	0.9889461	0.98982643	0.98997272	0.98752979	0.98945105	0.98793338	0.99028449	0.99045491	0.99054133	0.99211048	0.99367451	0.99192558	0.99367612	0.9914574	0.99205084	0.99120585	0.98934716	0.98663768	0.98602293	0.98526304	0.98602253	0.9845953	0.98182113	0.98228804	0.97879781	0.978443	0.97491605	0.97428538	0.97342901	0.97373424	0.9743398	0.97759663	0.97637643	0.97824729
RR1_M40	M40_sol	RR-1	Ground_Control	soleus_muscle	1	0.99867625	0.99806559	1.00003982	0.99753364	0.99816236	0.99924674	0.99673912	0.99706309	0.99739635	0.99667178	0.99797556	0.99623095	0.99662169	0.99653755	0.99734799	0.99619644	0.99436284	0.99326784	0.9947657	0.99379684	0.99421211	0.99404781	0.99432216	0.99530988	0.99506081	0.99516469	0.99203486	0.9895056	0.98797312	0.98826638	0.98672017	0.98559158	0.98323994	0.98441002	0.98612844	0.98601833	0.98506356	0.98457576	0.98443657	0.98261999	0.98148102	0.9815157	0.97967379	0.9766217	0.97549784	0.97413398	0.97481511	0.97255632	0.97018281	0.96864629
RR9_F11	F11_sol	RR-9	Space_Flight	soleus_muscle	1	1.00087264	0.99971548	0.99840043	0.99875664	0.99900999	0.99823462	0.99897294	0.99808396	0.99908956	1.00081001	0.99992665	0.9993779	0.99987182	1.00020668	0.99941538	1.00060724	1.000665	0.9998209	0.99854521	0.99779878	0.99735161	0.99820047	0.99751672	0.99581157	0.99616323	0.99559559	0.99463214	0.9945302	0.99552656	0.99481929	0.9951784	0.99555341	0.99659015	0.99726787	0.99744625	0.99806652	0.99923237	1.00036334	1.00042472	1.00154474	1.00137345	1.00118094	1.00007795	1.00028365	1.00021158	1.0005204	1.00035494	1.00023737	1.00037786	0.99948006
RR9_F12	F12_sol	RR-9	Space_Flight	soleus_muscle	1	0.9991025	0.99958196	0.99974631	1.00084151	1.00298006	1.00298281	1.00269258	1.00331365	1.00426056	1.00488989	1.00444596	1.00609633	1.00691261	1.00730557	1.01019178	1.0104693	1.01252043	1.01201305	1.00976722	1.0084814	1.00802058	1.0063683	1.00366426	1.00180461	1.00097337	0.99985347	0.99985923	1.00022419	0.99778634	0.99618581	0.99279472	0.99154351	0.99004656	0.98934544	0.98847682	0.98944215	0.99084336	0.99218946	0.99450619	0.99404952	0.9939031	0.99216518	0.99203989	0.99105799	0.9914719	0.99141304	0.99169484	0.99228116	0.992622	0.99302
RR9_F13	F13_sol	RR-9	Space_Flight	soleus_muscle	1	1.00118698	1.00026884	0.9986215	0.99729627	0.99731043	0.99778111	0.99766521	0.99859481	1.00036938	0.99782606	0.99726302	0.99643515	0.99753732	0.99709327	0.99646892	0.99596267	0.99695957	0.99669009	0.99844442	0.99799659	0.99870151	0.99827223	0.99795464	0.99920648	0.99801024	0.99781804	0.99747836	0.99543027	0.99368761	0.99432682	0.99352447	0.99276259	0.99232835	0.99277885	0.99289347	0.99205751	0.99223643	0.99247671	0.99268212	0.99269004	0.99272387	0.99258184	0.99317779	0.99239347	0.99280702	0.99314835	0.99311552	0.99343632	0.99286787	0.99416799
RR9_F15	F15_sol	RR-9	Space_Flight	soleus_muscle	1	0.99888535	0.99977343	0.9990367	0.99898037	0.99822022	0.99781729	0.9971856	0.99838682	0.99766309	0.99769868	0.9996748	0.99905279	0.99983825	1.00017661	1.00131559	1.00072384	1.00046945	0.99925304	0.99852884	0.9994775	1.00129266	1.00067916	1.00087145	1.00191108	1.00099826	1.00265725	1.00317318	1.00311695	1.00305145	1.00222887	1.0008857	1.00144399	1.00215407	1.00108182	0.99986547	0.99977967	0.99969192	1.00000503	1.00117028	0.998795	0.9984437	0.99775882	0.9978197	0.99848761	0.99975379	1.00023081	0.99971272	0.9994699	0.9998067	0.99990463
RR9_F16	F16_sol	RR-9	Space_Flight	soleus_muscle	1	1.00175761	1.00222273	1.00111578	0.99743875	0.99809405	0.99592341	0.99557656	0.99390202	0.9909364	0.98870062	0.98674721	0.98564335	0.98383977	0.98330941	0.98051475	0.97793822	0.97617552	0.9775604	0.974981	0.97414434	0.97196209	0.97219207	0.97283979	0.97262138	0.97299088	0.97188818	0.97207569	0.97193725	0.97234524	0.97211071	0.97211449	0.97098798	0.97071063	0.97164748	0.97243718	0.9724617	0.97330386	0.97490148	0.97609444	0.97629271	0.97625465	0.97571053	0.97416405	0.97421919	0.97441068	0.97524617	0.97706246	0.97662575	0.9771204	0.97670934
RR9_F17	F17_sol	RR-9	Space_Flight	soleus_muscle	1	0.99838737	0.99704133	0.99662783	0.99680728	0.99508726	0.99596091	0.99680101	0.99887463	0.99987322	1.00086658	1.00100443	1.00200584	1.0013526	1.00312651	1.00264036	1.00244205	1.00210489	1.00133584	1.00243547	1.00130136	0.99940115	0.99789142	0.99739136	0.99649747	0.99567944	0.99411932	0.99458018	0.99297454	0.9936957	0.99339107	0.99437147	0.99631662	0.99645787	0.99839914	0.99936522	1.00004691	1.00013788	0.99991939	1.00118558	1.00172743	1.00124574	1.00177274	1.00143398	1.00232117	1.00241334	0.99970076	1.00031183	0.99945129	0.99916491	0.99890368
RR9_F18	F18_sol	RR-9	Space_Flight	soleus_muscle	1	1.00217105	1.00517974	1.00440605	1.00457692	1.00536738	1.00394697	1.00338281	1.00251118	1.00047004	0.99671091	0.99507751	0.99370383	0.99199932	0.99265468	0.98941478	0.9867083	0.98867205	0.98959322	0.98873416	0.99048499	0.99236026	0.99494046	0.99672856	1.00215828	1.00426183	1.00683365	1.01015641	1.01056661	1.01513852	1.01678908	1.01686289	1.01713866	1.01782756	1.0185405	1.01831932	1.01830423	1.01908588	1.01814701	1.01809294	1.01837201	1.01803349	1.01867967	1.01716982	1.01835478	1.0186899	1.01939468	1.02133017	1.02132132	1.02182218	1.02142422
RR9_F19	F19_sol	RR-9	Space_Flight	soleus_muscle	1	0.99575459	0.99639756	0.99418128	0.99372472	0.99582347	0.99596624	0.99955898	1.00308223	1.00669409	1.00923855	1.0130674	1.01820971	1.01866109	1.01858785	1.02322656	1.02346234	1.02420161	1.02510493	1.02212945	1.02210384	1.02118689	1.01856149	1.01822267	1.01784623	1.01793533	1.01656047	1.01589561	1.0150286	1.0114276	1.0105195	1.00810012	1.00684068	1.00600792	1.00521355	1.0044428	1.0037401	1.0024269	1.0013996	1.0001149	0.99891452	0.99814711	0.99701323	0.99850777	0.99792138	0.99816855	0.99743841	0.99737529	0.99689336	0.99689056	0.99642374
RR9_F20	F20_sol	RR-9	Space_Flight	soleus_muscle	1	0.99987754	1.00054613	1.00184991	1.00346213	1.00295323	1.00455744	1.00569913	1.0060939	1.0075802	1.00862463	1.00891065	1.0086111	1.00925085	1.00897062	1.00984798	1.00961871	1.00916021	1.00830408	1.0080419	1.00953491	1.00913675	1.00813373	1.00777081	1.00688241	1.00623792	1.00504603	1.00560565	1.00471841	1.00461698	1.00553245	1.00557946	1.00546837	1.00456719	1.00368144	1.00256081	1.00279757	1.00237145	1.00163107	1.00288749	1.00211965	1.00122093	1.0011562	1.00059327	0.99947797	0.99775543	0.99736804	0.9993942	0.99802016	0.99871098	0.99795297
RR1_M21	M21_sol	RR-1	Space_Flight	soleus_muscle	1	1.00349898	1.0025906	1.00913694	1.01417841	1.01238004	1.01552603	1.01748882	1.01460381	1.01641036	1.01832643	1.0155993	1.01772716	1.02025465	1.01709781	1.01840355	1.0169825	1.01679636	1.01782505	1.01639322	1.01749892	1.02112161	1.02254425	1.02228876	1.02041843	1.01799201	1.02062732	1.0213208	1.01637704	1.01544625	1.01669058	1.01981048	1.02024324	1.01673445	1.0154118	1.01747105	1.01787635	1.0185528	1.01435899	1.01479159	1.01646489	1.0145024	1.01205157	1.00930742	1.00518868	1.00802557	1.00910096	1.00800423	1.00889377	1.0093573	1.0111487
RR1_M22	M22_sol	RR-1	Space_Flight	soleus_muscle	1	1.00023756	1.00312319	1.00275832	1.00408181	1.00584508	1.00320529	1.00350038	1.00732149	1.00512969	1.00673914	1.00782752	1.00610516	1.0062423	1.00641018	1.00693017	1.00990182	1.00634811	1.00591124	1.00603038	1.00733709	1.01075389	1.00863074	1.00749692	1.00910052	1.01201453	1.01164914	1.01194718	1.0102217	1.00947538	1.00846048	1.00836402	1.00757408	1.00674396	1.00577217	1.00304433	1.00135782	1.00069775	1.00009935	0.99844524	0.99756957	0.9960943	0.99745127	0.99777297	0.99680214	0.99602559	0.99494952	0.99736923	0.99648249	0.99599886	0.99463764
RR1_M29	M29_sol	RR-1	Space_Flight	soleus_muscle	1	1.00303837	1.00615807	1.00730827	1.00812977	1.00994432	1.01173654	1.01131473	1.01015699	1.01164987	1.01176885	1.01061685	1.00849861	1.00625634	1.00572855	1.00373741	0.99895979	0.99755498	0.99579658	0.99743907	0.99830826	0.99906166	1.00078728	1.00241486	1.00154723	1.00225463	1.00199532	1.00132232	1.00350153	1.00398785	1.0036222	1.00305507	1.00467111	1.00573922	1.00796525	1.00599418	1.0066065	1.00775925	1.01099085	1.01050013	1.00808406	1.00667106	1.00741408	1.00740857	1.00623313	1.00665755	1.00938544	1.01119981	1.01003267	1.00686395	1.00670506
RR1_M30	M30_sol	RR-1	Space_Flight	soleus_muscle	1	0.99870459	0.99849363	0.99488566	0.99374972	0.98975724	0.98821369	0.98843776	0.98783828	0.98661498	0.98665533	0.98716642	0.99124813	0.99298314	0.99334289	0.99103966	0.98898467	0.99057163	0.98904011	0.98871715	0.98710312	0.98586496	0.98613859	0.9878393	0.98741507	0.98584597	0.98505718	0.98289782	0.98361682	0.98641498	0.98543361	0.98538896	0.98818368	0.9870213	0.98953272	0.98739252	0.98301209	0.98101503	0.97979636	0.97696723	0.97697164	0.97479352	0.97443348	0.97568154	0.97508862	0.97400541	0.97374704	0.97237737	0.97098719	0.97192991	0.96926941
RR9_Viv11	Viv11_sol	RR-9	Vivarium_Control	soleus_muscle	1	0.99914839	0.99846327	0.99822279	0.99924635	1.0000201	1.00094743	1.00036281	0.99908795	0.99810873	0.99814704	0.9980492	0.99748656	0.99680298	0.99637585	0.99689495	0.99673251	0.9971382	0.99598336	0.9954157	0.99640656	0.99697156	0.9977566	0.99854658	0.99851507	0.99863995	0.99880793	0.99965395	0.99956229	1.00049789	1.00110355	1.0015635	1.00276689	1.00370058	1.00327568	1.00321398	1.00323471	1.00480448	1.00494255	1.00556757	1.00610606	1.00481443	1.00474706	1.00417732	1.0050662	1.00348408	1.00288478	1.00181772	1.00187126	1.00190219	1.00206999
RR9_Viv12	Viv12_sol	RR-9	Vivarium_Control	soleus_muscle	1	1.00118654	1.0000184	0.99951358	0.99893081	0.9988966	0.9983675	0.99665527	0.99598335	0.99565729	0.99488525	0.99421721	0.99338087	0.99290979	0.99282082	0.9922964	0.99257249	0.99267503	0.99152815	0.99046579	0.98981098	0.99110541	0.99070467	0.99089256	0.99135551	0.99053324	0.99097541	0.99122026	0.9916357	0.99131117	0.99059939	0.98962135	0.98980091	0.98950968	0.98887866	0.98879575	0.98802709	0.98710413	0.98641882	0.9874122	0.98618732	0.98502955	0.98451402	0.98411171	0.9844741	0.98371789	0.98207228	0.98247562	0.98269151	0.9819873	0.98191899
RR9_Viv13	Viv13_sol	RR-9	Vivarium_Control	soleus_muscle	1	0.99929736	0.99965325	0.99779295	0.99718053	0.99750646	0.99592817	0.99420234	0.99719203	0.99587246	0.99617559	0.99595588	0.99420583	0.99296853	0.99077046	0.98975696	0.98794109	0.98755174	0.98688194	0.98588598	0.98588916	0.98562857	0.98540819	0.98580742	0.98529399	0.98562735	0.98619554	0.98616214	0.98633738	0.98686749	0.98762894	0.9878236	0.98803908	0.98726002	0.98634687	0.98576233	0.98648757	0.98633136	0.98698618	0.98609674	0.98593082	0.98603355	0.9855062	0.9837626	0.98372926	0.98363024	0.98292568	0.98233776	0.98290783	0.98395034	0.98213739
RR9_Viv14	Viv14_sol	RR-9	Vivarium_Control	soleus_muscle	1	1.00127605	1.0010638	1.00147148	1.00055053	1.00138533	1.00182958	1.00396183	1.00404335	1.00281366	1.00156046	1.00128413	1.00246106	1.00057535	0.99915221	0.99873078	0.99911006	0.9999322	1.00178643	1.00184374	1.00036448	0.99872873	0.99891055	0.99967222	1.00030385	1.00062954	0.99959396	0.99945403	1.00046113	1.00032889	1.00091784	1.00121119	0.99974357	0.9993749	1.00040688	1.000385	0.99956186	0.99849498	0.9992983	0.99847408	0.99869832	0.99947007	1.00061783	1.00147006	1.00190865	1.00167421	1.002647	1.00218981	1.00231905	1.0029794	1.0033795
RR9_Viv16	Viv16_sol	RR-9	Vivarium_Control	soleus_muscle	1	0.99844917	0.99805079	0.99667037	0.99590519	0.99533003	0.9934917	0.99298295	0.99210785	0.99129776	0.98958979	0.98832838	0.98936014	0.98851534	0.98782993	0.98775025	0.98747438	0.9869876	0.98697203	0.98656226	0.98654237	0.98596022	0.98616573	0.98461821	0.98525447	0.98463089	0.98370378	0.98396674	0.98446242	0.98456959	0.98429841	0.98445776	0.985131	0.98430593	0.98388294	0.98396447	0.98357288	0.98492521	0.98548357	0.98513574	0.98636276	0.98624313	0.98485631	0.98282759	0.98277743	0.98298734	0.98204536	0.98315059	0.98349953	0.98275139	0.98259443
RR9_Viv17	Viv17_sol	RR-9	Vivarium_Control	soleus_muscle	1	0.99803807	0.99729299	0.99789919	0.99689128	0.99745831	0.99605195	0.99683662	0.99811357	0.99731067	0.99572105	0.9946035	0.99388376	0.99363059	0.99399686	0.99421964	0.99422031	0.99334682	0.99253904	0.99203129	0.9927366	0.99187017	0.99122566	0.98984281	0.98916739	0.98854808	0.98868216	0.98685018	0.98590869	0.98650573	0.98538759	0.98459509	0.98487334	0.98505726	0.98315684	0.9828576	0.98179137	0.98133029	0.98070422	0.97886592	0.97735329	0.97774559	0.97814327	0.97707005	0.97753742	0.97832201	0.97760941	0.97752564	0.97823854	0.97802566	0.97813439
RR9_Viv18	Viv18_sol	RR-9	Vivarium_Control	soleus_muscle	1	0.99938741	0.99756801	0.99512288	0.99315667	0.99122925	0.98839507	0.98558394	0.98290208	0.97977631	0.97785459	0.97530455	0.97274337	0.97272111	0.97164927	0.96901073	0.96905828	0.96985043	0.9673006	0.96621055	0.96510453	0.9659185	0.96504394	0.96542523	0.96449074	0.964632	0.96630721	0.96567356	0.96532081	0.96514101	0.9659472	0.96581042	0.9686115	0.96958727	0.97105032	0.97068475	0.97041403	0.97030027	0.96894258	0.96798801	0.96533274	0.96531645	0.96477008	0.96433493	0.96278609	0.960825	0.95870724	0.95846417	0.95801292	0.95717543	0.95701318
RR9_Viv19	Viv19_sol	RR-9	Vivarium_Control	soleus_muscle	1	0.99782279	0.99697751	0.99513331	0.99522974	0.99409608	0.99400678	0.99369001	0.99427824	0.99395055	0.99365745	0.99500187	0.99569314	0.99494072	0.99487982	0.99451305	0.99495538	0.99529617	0.99485409	0.99417378	0.99260059	0.99203087	0.99192727	0.99160047	0.99080358	0.9906067	0.99002563	0.99051999	0.99141407	0.99170913	0.99117822	0.99113786	0.99085269	0.9917498	0.99246219	0.99321315	0.99367925	0.99311739	0.99321121	0.99353265	0.99373411	0.99379934	0.99415131	0.99373535	0.9945292	0.99473241	0.99476948	0.99516553	0.9958408	0.99517089	0.99488142
RR9_Viv20	Viv20_sol	RR-9	Vivarium_Control	soleus_muscle	1	1.00220794	1.00351308	1.0058807	1.00436789	1.0060745	1.00527608	1.00526888	1.0031809	1.00450243	1.00441235	1.00320431	1.00207376	1.00122065	0.99907291	0.998119	0.99632359	0.99300961	0.99246995	0.99085443	0.99104346	0.98847234	0.98955388	0.98958331	0.98874417	0.98835345	0.98695992	0.98576787	0.98598647	0.98480772	0.98527753	0.98717262	0.98817862	0.98834244	0.98682442	0.98995328	0.9907554	0.99045451	0.9899168	0.99058869	0.99211858	0.99186111	0.99365182	0.99344794	0.9935513	0.99258531	0.9920265	0.99311834	0.9943608	0.99288939	0.99287969
RR1_M11	M11_sol	RR-1	Vivarium_Control	soleus_muscle	1	1.00112393	1.00290248	1.00568027	1.00575503	1.00688301	1.00826967	1.00756897	1.00848915	1.00873586	1.00751158	1.00741534	1.00660408	1.00500398	1.00350465	1.003106	1.00360224	1.00158607	1.00030962	1.00058914	1.00002119	1.0004365	0.99838165	0.99682052	0.99584959	0.99579337	0.99352057	0.99516878	0.99323331	0.99267574	0.99091415	0.99177658	0.99238291	0.9916855	0.98913618	0.98994292	0.98998575	0.98743139	0.98649179	0.9836305	0.98529491	0.98473254	0.98374294	0.98304524	0.98485296	0.9854965	0.98577325	0.98242559	0.98084034	0.97758598	0.97624093
RR1_M12	M12_sol	RR-1	Vivarium_Control	soleus_muscle	1	0.99964187	1.00203346	1.0007427	1.00009682	0.99980301	0.99514432	0.99262684	0.99459469	0.99361343	0.99496772	0.9932688	0.99214495	0.99593728	0.99490609	0.99320151	0.99054049	0.99062744	0.9904867	0.9903984	0.98729325	0.98667694	0.9842184	0.98426423	0.98270969	0.98534461	0.98421997	0.98608143	0.98914944	0.98974338	0.988122	0.9887108	0.98610737	0.98707451	0.9867834	0.98612927	0.98698565	0.98993186	0.99019648	0.99030584	0.98774348	0.98585715	0.98432138	0.98324347	0.98354501	0.98310698	0.98293638	0.98381192	0.98476797	0.9845075	0.98424821
RR1_M13	M13_sol	RR-1	Vivarium_Control	soleus_muscle	1	0.99582548	0.99348023	0.9931313	0.99154115	0.9924812	0.99150352	0.9962825	0.99888714	0.99916395	0.99566138	0.99500442	0.99609215	0.99689247	0.99788545	0.9960672	0.9966981	0.99773836	0.99745439	0.99857377	0.99759815	0.9916173	0.99206679	0.99116899	0.99126724	0.99130167	0.98895079	0.98876566	0.99116798	0.99251012	0.99043871	0.9907877	0.99033133	0.99076157	0.98943987	0.98888217	0.98614757	0.98530914	0.98019907	0.97875666	0.97548095	0.97436269	0.9730132	0.97174093	0.97236133	0.97331122	0.97152468	0.97034628	0.96998864	0.97000885	0.96694902
RR1_M14	M14_sol	RR-1	Vivarium_Control	soleus_muscle	1	0.99997464	0.99648494	0.99622062	0.99310869	0.99273911	0.99354687	0.99343128	0.9931717	0.99509315	0.99573229	0.99622131	0.99503268	0.99335548	0.99306931	0.98982617	0.98719231	0.98507364	0.98626689	0.98583344	0.98494659	0.98602229	0.98724206	0.99005942	0.9890963	0.98358553	0.98131819	0.9819217	0.97757824	0.97522651	0.97365705	0.97087169	0.973752	0.97448049	0.97426788	0.97571369	0.97677867	0.97726095	0.97828615	0.9773578	0.97413155	0.97293265	0.97169461	0.97271503	0.96930511	0.9718555	0.97046516	0.97154	0.97054523	0.96992079	0.97045795
RR9_CC12_CC1	CC12_CC1_ta	RR-9	Cohort_Control	Tibialis_Anterior	1	1.000321	0.989128	0.980294	0.965208	0.947911	0.921805	0.89606	0.862023	0.830941	0.800285	0.771613	0.746179	0.723882	0.701757	0.680911	0.659034	0.647757	0.637327	0.625707	0.611496																														
RR9_CC13_CC1	CC13_CC1_ta	RR-9	Cohort_Control	Tibialis_Anterior	1	0.99318	0.981705	0.979684	0.970824	0.963014	0.95816	0.950203	0.933384	0.916983	0.892392	0.864246	0.839263	0.81233	0.7846	0.763486	0.74294	0.731389	0.719876	0.712165	0.703895																														
RR9_CC14_CC1	CC14_CC1_ta	RR-9	Cohort_Control	Tibialis_Anterior	1	0.993478	0.984322	0.978791	0.959522	0.947272	0.933604	0.919221	0.893391	0.871136	0.841554	0.812366	0.785179	0.762107	0.737423	0.717392	0.69385	0.68123	0.671151	0.659282	0.640609																														
RR9_CC15_CC1	CC15_CC1_ta	RR-9	Cohort_Control	Tibialis_Anterior	1	0.995866	0.984431	0.975762	0.963742	0.946494	0.930868	0.913926	0.892356	0.869587	0.844386	0.817158	0.793247	0.76683	0.745037	0.728984	0.708895	0.697546	0.689779	0.68131	0.663623																														
RR9_Fviv11_CC2	Fviv11_CC2_ta	RR-9	Cohort_Control	Tibialis_Anterior	1	0.995952	0.984576	0.982156	0.972677	0.955153	0.936645	0.919215	0.893057	0.866013	0.834086	0.806217	0.780398	0.755182	0.729194	0.706835	0.687592	0.673409	0.658982	0.647636	0.642844																														
RR9_Fviv12_CC2	Fviv12_CC2_ta	RR-9	Cohort_Control	Tibialis_Anterior	1	0.997306	0.993852	0.991385	0.984387	0.980516	0.983016	0.983888	0.983589	0.982347	0.98098	0.974224	0.965417	0.957355	0.948154	0.940696	0.927989	0.924001	0.919519	0.913969	0.894282																														
RR9_Fviv13_CC2	Fviv13_CC2_ta	RR-9	Cohort_Control	Tibialis_Anterior	1	0.996122	0.985981	0.975753	0.962614	0.945497	0.929106	0.909797	0.88458	0.862876	0.83906	0.811801	0.789151	0.767569	0.744011	0.725082	0.702027	0.690887	0.681406	0.668321	0.643121																														
RR9_Fviv15_CC2	Fviv15_CC2_ta	RR-9	Cohort_Control	Tibialis_Anterior	1	0.995495	0.983033	0.976434	0.96096	0.9476	0.936532	0.925255	0.90272	0.883542	0.859656	0.834431	0.814549	0.792111	0.769826	0.75327	0.732927	0.720914	0.711389	0.703966	0.688481																														
RR9_Fviv16_CC2	Fviv16_CC2_ta	RR-9	Cohort_Control	Tibialis_Anterior	1	0.995071	0.989156	0.98193	0.972696	0.959079	0.952739	0.944228	0.932643	0.917968	0.901869	0.878591	0.85565	0.83252	0.807278	0.782967	0.758316	0.745455	0.73257	0.721394	0.705691																														
RR9_GC11	GC11_ta	RR-9	Ground_Control	Tibialis_Anterior	1	0.99470044	0.99531224	0.99559925	0.99509399	0.99287465	0.99083685	0.9875341	0.98715775	0.98156532	0.97610711	0.97059093	0.96315707	0.95458944	0.94224143	0.92652657	0.90878673	0.88803522	0.85896869	0.8326578	0.80261299	0.77093664	0.74162782	0.71398375	0.68715626	0.67619094																									
RR9_GC12	GC12_ta	RR-9	Ground_Control	Tibialis_Anterior	1	1.00261864	1.00193078	1.00137549	0.99662021	0.99313188	0.98989924	0.98313161	0.97822224	0.9714805	0.95814857	0.9470997	0.93368428	0.91622367	0.89585873	0.8716892	0.84318992	0.81988591	0.79170221	0.76165573	0.73600201	0.711555	0.68989451	0.67347359	0.65522931	0.64665335																									
RR9_GC13	GC13_ta	RR-9	Ground_Control	Tibialis_Anterior	1	1.00466297	1.00832223	1.00854157	1.00998007	1.00951221	1.00678198	1.00847072	1.00745312	1.00176774	0.99663261	0.99023163	0.98200267	0.97011965	0.95136344	0.92882335	0.90385734	0.87855601	0.84517064	0.81164599	0.78020218	0.74961282	0.72312279	0.69877698	0.67629719	0.66669351																									
RR9_GC14	GC14_ta	RR-9	Ground_Control	Tibialis_Anterior	1	1.00333023	1.01022927	1.01754639	1.02153767	1.02798922	1.03418116	1.03662591	1.03502034	1.03373168	1.02280223	1.01495046	1.00242169	0.98181079	0.95918453	0.93346384	0.90335555	0.87557031	0.84135058	0.80870143	0.78058402	0.7552201	0.73384974	0.71214871	0.69351484	0.68422744																									
RR9_GC15	GC15_ta	RR-9	Ground_Control	Tibialis_Anterior	1	0.99987202	0.99958747	1.00228454	1.00113245	1.00284943	0.99859279	0.99656842	0.99435698	0.98958434	0.98304993	0.97462726	0.96339277	0.94772193	0.93065291	0.91137042	0.88997943	0.86572288	0.84235819	0.81779845	0.7982135	0.77767901	0.75749262	0.7394705	0.72419439	0.71637041																									
RR9_GC16	GC16_ta	RR-9	Ground_Control	Tibialis_Anterior	1	0.99621876	0.99851363	0.99129484	0.98556142	0.97770066	0.97421334	0.96375684	0.9550045	0.94005591	0.93141324	0.91951683	0.90478934	0.88118431	0.85250028	0.82660798	0.7981048	0.76734159	0.73749281	0.71015102	0.68628962	0.67017435	0.65127551	0.63637774	0.62395233	0.61649533																									
RR9_GC17	GC17_ta	RR-9	Ground_Control	Tibialis_Anterior	1	0.99886198	0.99642921	0.99398014	0.9890194	0.98189732	0.97595428	0.96657548	0.9549756	0.94139844	0.92327621	0.90137684	0.87774987	0.85190352	0.8225257	0.79426394	0.76512564	0.73608871	0.71065232	0.68601	0.66348986	0.64484296	0.62596511	0.60994168	0.59871881	0.59106189																									
RR9_GC18	GC18_ta	RR-9	Ground_Control	Tibialis_Anterior	1	1.00315503	1.00238363	0.99850712	0.99334274	0.98470614	0.97735549	0.96755421	0.94581041	0.92381575	0.89708401	0.86578996	0.83281168	0.79625322	0.76162507	0.73042432	0.70202476	0.68062243	0.66012665	0.64639382	0.63438535	0.62387773	0.61431966	0.60758782	0.60029425	0.59875733																									
RR9_GC19	GC19_ta	RR-9	Ground_Control	Tibialis_Anterior	1	0.99722808	0.99537587	0.99231153	0.98535538	0.98174346	0.97452449	0.96611454	0.95725696	0.941856	0.92794392	0.90899973	0.8847805	0.86001133	0.82933687	0.79720411	0.76678321	0.73789692	0.71055073	0.68793973	0.66438748	0.64825019	0.63458575	0.6234052	0.61206982	0.60557314																									
RR9_GC20	GC20_ta	RR-9	Ground_Control	Tibialis_Anterior	1	0.99900749	0.99910382	0.99425644	0.98691796	0.97877178	0.97095857	0.96283671	0.94976937	0.93425563	0.91073518	0.8857976	0.85822665	0.82625742	0.79041553	0.75600762	0.72175313	0.69437737	0.66842362	0.64384479	0.62486122	0.61001004	0.59637214	0.58519892	0.57657285	0.57039593																									
RR9_F11	F11_ta	RR-9	Space_Flight	Tibialis_Anterior	1	0.99339507	0.98417919	0.97248111	0.95524423	0.93601045	0.90930904	0.8785852	0.84601668	0.81097935	0.77329112	0.73905015	0.70602345	0.67517848	0.64844379	0.62579569	0.60764143	0.59137112	0.57784926	0.56793248	0.56100322	0.55367617	0.54534741	0.53816037	0.53130568	0.52801816																									
RR9_F12	F12_ta	RR-9	Space_Flight	Tibialis_Anterior	1	0.9948351	0.9919983	0.98471036	0.97605341	0.96618695	0.95303834	0.93388906	0.91330257	0.88665165	0.85674262	0.82462665	0.79070467	0.75775634	0.72694825	0.70155704	0.67624512	0.65531812	0.63884972	0.62293762	0.60887105	0.59924969	0.58897671	0.58247452	0.57586516	0.57212305																									
RR9_F13	F13_ta	RR-9	Space_Flight	Tibialis_Anterior	1	0.99923485	0.99438556	0.98939484	0.97964682	0.96264805	0.94479607	0.92219848	0.89592687	0.86587279	0.83517723	0.8052111	0.77843795	0.75173087	0.72927346	0.70740569	0.68812741	0.67262141	0.65971242	0.64871963	0.63936815	0.63065111	0.62305478	0.61615859	0.60722695	0.60274648																									
RR9_F14	F14_ta	RR-9	Space_Flight	Tibialis_Anterior	1	0.99895563	0.99400525	0.98921776	0.98163165	0.96990402	0.95498753	0.93610558	0.91542802	0.88913877	0.85959415	0.82723171	0.7945635	0.76303377	0.73274677	0.70647149	0.68556064	0.66634522	0.64867715	0.63492209	0.62033294	0.61013667	0.59994105	0.59071107	0.58263366	0.58003849																									
RR9_F15	F15_ta	RR-9	Space_Flight	Tibialis_Anterior	1	1.00198825	0.99965274	0.99758236	0.98683908	0.98172314	0.97446169	0.9635973	0.94513558	0.92029606	0.89301506	0.86808831	0.83974852	0.80822947	0.77838733	0.75048295	0.72767219	0.7078965	0.68556059	0.66582907	0.65386345	0.6445093	0.63633088	0.63027819	0.62031732	0.61716828																									
RR9_F16	F16_ta	RR-9	Space_Flight	Tibialis_Anterior	1	0.99802999	0.99476637	0.99096259	0.97831086	0.96110655	0.94021804	0.91023262	0.87962972	0.83867528	0.79969914	0.76011674	0.72316172	0.69085563	0.66410143	0.64029593	0.62431138	0.60969173	0.59834993	0.58906817	0.57947108	0.57113896	0.56307507	0.55654529	0.54901788	0.54521811																									
RR9_F17	F17_ta	RR-9	Space_Flight	Tibialis_Anterior	1	0.99821617	0.99812019	0.99378594	0.99000798	0.98533821	0.98121641	0.97637995	0.9647459	0.95019252	0.93466197	0.91544391	0.88978562	0.85804176	0.82314282	0.79296345	0.76145973	0.7279663	0.69661324	0.66888644	0.64497328	0.62479534	0.60950137	0.59486141	0.58210335	0.5762148																									
RR9_F18	F18_ta	RR-9	Space_Flight	Tibialis_Anterior	1	0.99256506	0.98310233	0.96792235	0.9480673	0.92873816	0.90485587	0.87424091	0.83944141	0.80526218	0.7734068	0.73869214	0.70605715	0.67658513	0.65326755	0.63625561	0.61954674	0.60538566	0.59702779	0.58603944	0.57754783	0.57112187	0.56373883	0.55726586	0.55206191	0.54829479																									
RR9_F19	F19_ta	RR-9	Space_Flight	Tibialis_Anterior	1	1.00068117	1.00131879	0.99755906	0.99490302	0.98603325	0.97958936	0.96843231	0.95410877	0.93439172	0.91295305	0.88379138	0.85438898	0.819316	0.78639049	0.75449986	0.72344931	0.69517921	0.67081495	0.64975968	0.63148976	0.61653558	0.60312769	0.59250581	0.58139577	0.57675346																									
RR9_F20	F20_ta	RR-9	Space_Flight	Tibialis_Anterior	1	1.00125798	1.00354032	1.00473956	1.00411277	1.00255836	1.00430224	1.0037371	1.00089986	0.99639279	0.99154176	0.98661368	0.98207449	0.97141378	0.95860754	0.94164265	0.91796776	0.88626708	0.84893788	0.80550455	0.76232711	0.71990459	0.680134	0.64555984	0.61711893	0.60266354																									
RR9_Viv11	Viv11_ta	RR-9	Vivarium_Control	Tibialis_Anterior	1	1.00199412	0.99975046	1.00165607	0.99810423	1.00114331	1.00456819	0.99882855	0.99441511	0.99100824	0.98739821	0.98178891	0.96654427	0.94930184	0.93361056	0.91521439	0.89065356	0.8615826	0.83432821	0.80359615	0.77596626	0.74981003	0.72051282	0.69801596	0.67856506	0.66793141																									
RR9_Viv12	Viv12_ta	RR-9	Vivarium_Control	Tibialis_Anterior	1	1.00251626	0.99888344	0.99788681	0.99547673	0.99220332	0.98739153	0.98096125	0.96990531	0.96142719	0.94656091	0.92995433	0.90981493	0.88828642	0.85888988	0.83248068	0.79978961	0.76985399	0.73589273	0.70341401	0.67285657	0.6508165	0.62662128	0.6080416	0.59032197	0.5826932																									
RR9_Viv13	Viv13_ta	RR-9	Vivarium_Control	Tibialis_Anterior	1	0.99684029	0.99098155	0.9890046	0.98818865	0.98393679	0.97830495	0.96933129	0.96403561	0.95849568	0.94682213	0.9374171	0.92376708	0.90791436	0.88849146	0.86453894	0.83725598	0.81373234	0.7878708	0.76190174	0.73740052	0.72069583	0.70200503	0.68707817	0.67397859	0.66637076																									
RR9_Viv14	Viv14_ta	RR-9	Vivarium_Control	Tibialis_Anterior	1	1.00703108	1.01310365	1.01483972	1.01511162	1.01438551	1.01630638	1.01457981	1.01166956	1.00604159	0.99548403	0.98236901	0.96796156	0.94772985	0.92285927	0.89538705	0.8625764	0.83033831	0.80039374	0.76952693	0.74495104	0.7208533	0.70255952	0.68517411	0.67118194	0.66585008																									
RR9_Viv15	Viv15_ta	RR-9	Vivarium_Control	Tibialis_Anterior	1	1.00119068	0.99879875	0.99613323	0.99441568	0.99369247	0.99094132	0.98880501	0.98344714	0.97624617	0.96815825	0.95768481	0.94624331	0.93256244	0.91430657	0.89492274	0.87618064	0.85556126	0.83628323	0.8159655	0.79651578	0.78099474	0.76821018	0.75731823	0.74773952	0.7420508																									
RR9_Viv16	Viv16_ta	RR-9	Vivarium_Control	Tibialis_Anterior	1	0.99817827	0.99816014	0.99571764	0.98995213	0.98085574	0.97508861	0.96142472	0.94784647	0.9265309	0.90346121	0.87819768	0.85012139	0.81816831	0.78735696	0.75525253	0.72666448	0.69865602	0.67416277	0.65355695	0.63388325	0.61767778	0.60419493	0.5938796	0.58445729	0.57966099																									
RR9_Viv17	Viv17_ta	RR-9	Vivarium_Control	Tibialis_Anterior	1	0.99499369	0.99172419	0.98372112	0.97359095	0.96008857	0.9420187	0.92324726	0.89978828	0.87203384	0.84446295	0.81374718	0.78483994	0.7584772	0.73306095	0.70926642	0.6905425	0.67318164	0.65906997	0.64584183	0.63506711	0.62760754	0.62060555	0.61395682	0.60891486	0.60680742																									
RR9_Viv18	Viv18_ta	RR-9	Vivarium_Control	Tibialis_Anterior	1	0.99843482	0.99798176	0.99566051	0.99526006	0.98747558	0.98143668	0.97178026	0.95883771	0.94277615	0.92302062	0.89956869	0.87716036	0.85126579	0.82507272	0.79788992	0.77293566	0.74993701	0.72965962	0.71021465	0.69301215	0.68043238	0.67076874	0.6627441	0.6549832	0.6509999																									
RR9_Viv19	Viv19_ta	RR-9	Vivarium_Control	Tibialis_Anterior	1	0.9956293	0.9914988	0.98928592	0.98303378	0.97323379	0.96265528	0.94890764	0.93206453	0.9088124	0.87982468	0.84753565	0.81592084	0.78214854	0.75074571	0.72005015	0.69502027	0.67260298	0.65784127	0.64294346	0.63086169	0.62017095	0.61241695	0.60409017	0.59975145	0.59479009																									
RR9_Viv20	Viv20_ta	RR-9	Vivarium_Control	Tibialis_Anterior	1	0.99674732	0.99527565	0.9907596	0.98823203	0.97852605	0.9709576	0.95928722	0.94311187	0.92047444	0.89522337	0.86526172	0.83368561	0.80163059	0.76774327	0.73557881	0.70696786	0.68236247	0.66236589	0.64626992	0.63104015	0.6184249	0.6088417	0.60196808	0.59466053	0.5911434																									
